{
    "BLD_LEVEL": 3,
    "SRC_DIR":"..",
    "SKIP_DIRS" : ".git,.vscode,dist,dist/output",
    "BLD_DIR":"../DIST/",
    "PACKAGE_NAME":"MyPackage",
    "ENTRY_POINT":"MyPackage.Main:Main",

    "RESOURCES": [
        ["/BUILD/RunApp.sh",""],
        ["/BUILD/RunApp.BAT",""]
    ],

    "INTERNAL_RESOURCES": [
    ],

    "NO_COMPILE" : "YES",
    "PRE_COMPILE_REQUIREMENTS" : "NO",
    "EXTRACT_REQUIREMENTS" : "NO",

    "RENAME_OBJ_FILES": [".cpython-37.pyc"],   

    "CLEANUP_OBJ_FILES": "YES"
}